name,type,lon,lat,radius,level
"Brahmaputra valley, Assam",flood,92.5,26.3,1.8,3
"North Bihar (Kosi, Gandak)",flood,86.5,26.2,1.3,3
Eastern UP Ganga-Ghaghara plain,flood,83,26.6,1.3,2
Kerala backwaters and Periyar,flood,76.5,10,0.8,3
"Mahanadi delta, Odisha",flood,85.8,20.4,1,3
Krishna-Godavari delta,flood,81.3,16.5,0.9,2
"Ganga delta, West Bengal",flood,88.2,22.4,0.9,2
Mumbai and Konkan coast,flood,73.2,18.5,0.9,2
Uttarakhand Himalaya,landslide,79.3,30.3,1.1,3
Himachal Pradesh,landslide,77.2,31.7,1.1,3
Sikkim and Darjeeling,landslide,88.4,27.3,0.6,3
Arunachal and NE hills,landslide,94.2,27,1.6,3
"Wayanad, Idukki (W. Ghats)",landslide,76.5,10.8,0.9,3
Konkan Western Ghats,landslide,73.7,17.7,0.8,2
Nilgiris,landslide,76.7,11.4,0.4,2
Kashmir and Ramban,landslide,75,33.6,1.1,2
"Kutch, Gujarat",earthquake,69.9,23.5,0.9,3
North-East India (Zone V),earthquake,93,26,2,3
Kashmir valley,earthquake,75,34,1,3
Himachal-Uttarakhand belt,earthquake,78,31,1.3,3
North Bihar-Nepal border,earthquake,86,26.6,1,3
Delhi-NCR,earthquake,77.2,28.6,0.6,2
Koyna-Latur (Deccan),earthquake,75.6,17.8,1,2
